{
    "TL": {
        "0": {"x": 29.347474, "y": 55.961538},
        "1": {"x": 29.444624, "y": 55.5},
        "2": {"x": 30.277494, "y": 55.058462},
        "3": {"x": 30.689475, "y": 55.270256},
        "4": {"x": 31.889832, "y": 54.39641},
        "5": {"x": 32.667098, "y": 54.498974},
        "6": {"x": 33.217293, "y": 55.217949},
        "7": {"x": 33.929728, "y": 55.57641},
        "8": {"x": 34.966321, "y": 55.012821},
        "9": {"x": 35.710816, "y": 54.961538},
        "10": {"x": 37.249676, "y": 54.882051},
        "11": {"x": 37.961788, "y": 54.989744},
        "12": {"x": 38.609456, "y": 55.040513},
        "13": {"x": 38.415155, "y": 56.067179},
        "14": {"x": 38.026554, "y": 56.885641},
        "15": {"x": 37.764896, "y": 57.914872},
        "16": {"x": 37.543718, "y": 58.337436},
        "17": {"x": 37.349417, "y": 58.777436},
        "18": {"x": 37.349417, "y": 58.777436},
        "19": {"x": 37.543718, "y": 58.337436},
        "20": {"x": 37.764896, "y": 57.914872},
        "21": {"x": 38.026554, "y": 56.885641},
        "22": {"x": 38.415155, "y": 56.067179},
        "23": {"x": 38.609456, "y": 55.040513},
        "24": {"x": 37.961788, "y": 54.989744},
        "25": {"x": 37.249676, "y": 54.882051},
        "26": {"x": 35.710816, "y": 54.961538},
        "27": {"x": 34.984456, "y": 55.041538},
        "28": {"x": 34.010687, "y": 55.603077},
        "29": {"x": 33.329987, "y": 55.293846},
        "30": {"x": 32.779469, "y": 54.575385},
        "31": {"x": 31.970661, "y": 54.371282},
        "32": {"x": 30.772604, "y": 55.24359},
        "33": {"x": 30.368297, "y": 55.011795},
        "34": {"x": 29.557837, "y": 55.474359},
        "35": {"x": 29.460687, "y": 55.935897}
    }
}