{
    "TL": {
        "0": {"x": 29.347474, "y": 55.961538},
        "1": {"x": 29.444624, "y": 55.5},
        "2": {"x": 30.277494, "y": 55.058462},
        "3": {"x": 30.689475, "y": 55.270256},
        "4": {"x": 31.889832, "y": 54.39641},
        "5": {"x": 32.667098, "y": 54.498974},
        "6": {"x": 33.217293, "y": 55.217949},
        "7": {"x": 33.929728, "y": 55.57641},
        "8": {"x": 34.966321, "y": 55.012821},
        "9": {"x": 35.710816, "y": 54.961538},
        "10": {"x": 37.249676, "y": 54.882051},
        "11": {"x": 37.961788, "y": 54.989744},
        "12": {"x": 38.609456, "y": 55.040513},
        "13": {"x": 38.415155, "y": 56.067179},
        "14": {"x": 38.026554, "y": 56.885641},
        "15": {"x": 37.764896, "y": 57.914872},
        "16": {"x": 37.543718, "y": 58.337436},
        "17": {"x": 37.349417, "y": 58.777436},
        "18": {"x": 37.349417, "y": 58.777436},
        "19": {"x": 37.543718, "y": 58.337436},
        "20": {"x": 37.764896, "y": 57.914872},
        "21": {"x": 38.026554, "y": 56.885641},
        "22": {"x": 38.415155, "y": 56.067179},
        "23": {"x": 38.609456, "y": 55.040513},
        "24": {"x": 37.961788, "y": 54.989744},
        "25": {"x": 37.249676, "y": 54.882051},
        "26": {"x": 35.710816, "y": 54.961538},
        "27": {"x": 34.984456, "y": 55.041538},
        "28": {"x": 34.010687, "y": 55.603077},
        "29": {"x": 33.329987, "y": 55.293846},
        "30": {"x": 32.779469, "y": 54.575385},
        "31": {"x": 31.970661, "y": 54.371282},
        "32": {"x": 30.772604, "y": 55.24359},
        "33": {"x": 30.368297, "y": 55.011795},
        "34": {"x": 29.557837, "y": 55.474359},
        "35": {"x": 29.460687, "y": 55.935897}
    },

    "TR": {
        "0": {"x": 84.229275, "y": 35.564103},
        "1": {"x": 84.326425, "y": 35.102564},
        "2": {"x": 83.594883, "y": 35.323692},
        "3": {"x": 82.982513, "y": 35.38641},
        "4": {"x": 82.819948, "y": 36.923282},
        "5": {"x": 82.141192, "y": 36.976154},
        "6": {"x": 81.331606, "y": 37.180308},
        "7": {"x": 80.456606, "y": 37.333949},
        "8": {"x": 79.825777, "y": 36.537077},
        "9": {"x": 79.502915, "y": 37.462359},
        "10": {"x": 78.561205, "y": 37.614974},
        "11": {"x": 78.171956, "y": 37.821897},
        "12": {"x": 78.200453, "y": 38.696103},
        "13": {"x": 78.595855, "y": 40.484359},
        "14": {"x": 78.786917, "y": 41.002205},
        "15": {"x": 79.014573, "y": 42.075744},
        "16": {"x": 79.208549, "y": 42.689128},
        "17": {"x": 79.274288, "y": 42.848769},
        "18": {"x": 79.274288, "y": 42.848769},
        "19": {"x": 79.208549, "y": 42.689128},
        "20": {"x": 79.014573, "y": 42.075744},
        "21": {"x": 78.786917, "y": 41.002205},
        "22": {"x": 78.595855, "y": 40.484359},
        "23": {"x": 78.200453, "y": 38.696103},
        "24": {"x": 78.171956, "y": 37.821897},
        "25": {"x": 78.561205, "y": 37.614974},
        "26": {"x": 79.502915, "y": 37.462359},
        "27": {"x": 79.825777, "y": 36.537077},
        "28": {"x": 80.456606, "y": 37.333949},
        "29": {"x": 81.378562, "y": 37.205744},
        "30": {"x": 82.15706, "y": 37.051487},
        "31": {"x": 82.803756, "y": 36.949744},
        "32": {"x": 82.965997, "y": 35.411641},
        "33": {"x": 83.563148, "y": 35.289077},
        "34": {"x": 84.279145, "y": 35.129231},
        "35": {"x": 84.181995, "y": 35.590769}
    },

    "BL": {
        "0": {"x": 22.992228, "y": 87.461538},
        "1": {"x": 23.089378, "y": 87.0},
        "2": {"x": 23.20285, "y": 85.539487},
        "3": {"x": 23.623705, "y": 84.922564},
        "4": {"x": 24.141839, "y": 82.924103},
        "5": {"x": 24.530052, "y": 82.716923},
        "6": {"x": 25.242746, "y": 81.333846},
        "7": {"x": 25.275, "y": 81.179487},
        "8": {"x": 25.390868, "y": 79.510769},
        "9": {"x": 26.392617, "y": 78.537949},
        "10": {"x": 27.655052, "y": 77.255385},
        "11": {"x": 28.011658, "y": 76.743077},
        "12": {"x": 27.720337, "y": 76.333846},
        "13": {"x": 27.817487, "y": 77.000513},
        "14": {"x": 27.881995, "y": 77.307179},
        "15": {"x": 28.044916, "y": 78.54},
        "16": {"x": 28.074773, "y": 78.792821},
        "17": {"x": 28.005829, "y": 79.04},
        "18": {"x": 28.005829, "y": 79.04},
        "19": {"x": 28.074773, "y": 78.792821},
        "20": {"x": 28.044916, "y": 78.54},
        "21": {"x": 27.881995, "y": 77.307179},
        "22": {"x": 27.817487, "y": 77.000513},
        "23": {"x": 27.720337, "y": 76.333846},
        "24": {"x": 28.011658, "y": 76.743077},
        "25": {"x": 27.655052, "y": 77.255385},
        "26": {"x": 26.392617, "y": 78.537949},
        "27": {"x": 25.390868, "y": 79.510769},
        "28": {"x": 25.275, "y": 81.179487},
        "29": {"x": 25.191127, "y": 81.314872},
        "30": {"x": 24.547021, "y": 82.692821},
        "31": {"x": 24.156768, "y": 82.950256},
        "32": {"x": 23.640544, "y": 84.948205},
        "33": {"x": 23.315803, "y": 85.513846},
        "34": {"x": 23.18614, "y": 86.949744},
        "35": {"x": 23.08899, "y": 87.411282}
    },
    
    "BR": {
        "0": {"x": 78.367876, "y": 85.923077},
        "1": {"x": 78.465026, "y": 85.461538},
        "2": {"x": 77.154145, "y": 84.461026},
        "3": {"x": 76.376943, "y": 83.898462},
        "4": {"x": 75.76101, "y": 84.102051},
        "5": {"x": 75.471179, "y": 83.333333},
        "6": {"x": 75.210816, "y": 82.102564},
        "7": {"x": 75.048251, "y": 81.896923},
        "8": {"x": 73.008096, "y": 79.897949},
        "9": {"x": 72.684262, "y": 79.128205},
        "10": {"x": 72.309909, "y": 78.125641},
        "11": {"x": 71.534326, "y": 77.819487},
        "12": {"x": 71.761334, "y": 77.206154},
        "13": {"x": 71.24579, "y": 78.231282},
        "14": {"x": 70.984456, "y": 78.794359},
        "15": {"x": 70.398964, "y": 80.749744},
        "16": {"x": 70.402202, "y": 81.102564},
        "17": {"x": 70.596179, "y": 81.306667},
        "18": {"x": 70.596179, "y": 81.306667},
        "19": {"x": 70.402202, "y": 81.102564},
        "20": {"x": 70.398964, "y": 80.749744},
        "21": {"x": 70.984456, "y": 78.794359},
        "22": {"x": 71.24579, "y": 78.231282},
        "23": {"x": 71.761334, "y": 77.206154},
        "24": {"x": 71.534326, "y": 77.819487},
        "25": {"x": 72.309909, "y": 78.125641},
        "26": {"x": 72.684262, "y": 79.128205},
        "27": {"x": 73.025583, "y": 79.913333},
        "28": {"x": 74.837759, "y": 81.770256},
        "29": {"x": 75.031412, "y": 82.025641},
        "30": {"x": 75.306671, "y": 83.282051},
        "31": {"x": 75.570272, "y": 84.049744},
        "32": {"x": 76.216969, "y": 83.892821},
        "33": {"x": 76.959197, "y": 84.360513},
        "34": {"x": 78.285298, "y": 85.385128},
        "35": {"x": 78.188148, "y": 85.846667}
    }
}